,zipcode,rate
0,64148,245.2
1,67118,212.35
2,40813,
3,18229,231.48
4,51012,252.76
5,79168,243.68
6,54923,
7,67651,249.44
8,49448,221.63
9,27702,283.08
10,47387,326.98
11,50014,287.3
12,33608,268.49
13,6239,
14,54919,243.77
15,46706,
16,14846,
17,48872,
18,43343,
19,77052,243.72
20,7734,
21,95327,
22,12961,
23,26716,291.76
24,48435,
25,53181,306.56
26,52654,242.39
27,58703,297.93
28,91945,
29,52146,254.56
30,56097,
31,21777,
32,42330,
33,38849,285.69
34,77586,243.72
35,39745,265.73
36,3299,240.45
37,63359,
38,60094,209.95
39,15935,184.97
40,39845,325.64
41,48418,
42,28411,307.51
43,37333,219.29
44,75939,234.5
45,7184,
46,86313,292.9
47,61232,222.38
48,20047,
49,47452,
50,31551,290.6
