,zipcode,county_code,metal_level,name,plan_id,rate,rate_area,state
0,3299,33001,Silver,Belknap,88271LM1560583,240.45,1,NH
1,15935,42111,Silver,Somerset,63871WY2062466,184.97,5,PA
2,18229,42025,Silver,Carbon,93724CE4808074,231.48,3,PA
3,26716,54077,Silver,Preston,10656WG5715470,291.76,9,WV
4,27702,37063,Silver,Durham,66553CJ7484637,283.08,11,NC
5,28411,37129,Silver,New Hanover,94500YV0961750,307.51,15,NC
6,31551,13005,Silver,Bacon,80488QN0452279,290.6,6,GA
7,33608,12057,Silver,Hillsborough,69314EJ0307032,268.49,28,FL
8,37333,47139,Silver,Polk,39608QX8222555,219.29,3,TN
9,38849,28057,Silver,Itawamba,21232EY1665011,285.69,2,MS
10,39745,28007,Silver,Attala,79242HX3518828,265.73,6,MS
11,39845,13099,Silver,Early,72473IH8663652,325.64,15,GA
12,43343,39021,Silver,Champaign,91454YR6879036,,3,OH
13,46706,18033,Silver,DeKalb,62928KM0799327,,3,IN
14,47387,18041,Silver,Fayette,93479EK6928272,326.98,11,IN
15,47452,18175,Silver,Washington,37249TR0060995,,16,IN
16,48418,26049,Silver,Genesee,53074DQ0506080,,5,MI
17,48435,26087,Silver,Lapeer,36451ZY4839461,,5,MI
18,48872,26155,Silver,Shiawassee,02416TM1509058,,5,MI
19,49448,26121,Silver,Muskegon,67382QD8007622,221.63,12,MI
20,50014,19015,Silver,Boone,29700DK6896673,287.3,1,IA
21,51012,19035,Silver,Cherokee,15145HG0577229,252.76,3,IA
22,52146,19005,Silver,Allamakee,44187JZ1895780,254.56,7,IA
23,52654,19087,Silver,Henry,29115DK5435519,242.39,5,IA
24,53181,55059,Silver,Kenosha,43025DG4155907,306.56,9,WI
25,54919,55087,Silver,Outagamie,66962TH7619314,243.77,11,WI
26,54923,55137,Silver,Waushara,54306EG5054583,,11,WI
27,58703,38101,Silver,Ward,85585YO1256256,297.93,4,ND
28,60094,17031,Silver,Cook,27765DT7606672,209.95,1,IL
29,61232,17161,Silver,Rock Island,60557OU3238568,222.38,6,IL
30,63359,29113,Silver,Lincoln,66951KE0853160,,6,MO
31,64148,29095,Silver,Jackson,02345TB1383341,245.2,3,MO
32,67118,20077,Silver,Harper,56834OY7425326,212.35,6,KS
33,67651,20051,Silver,Ellis,82626SV0323601,249.44,4,KS
34,75939,48373,Silver,Polk,08907AC9645300,234.5,26,TX
35,77052,48201,Silver,Harris,80408BQ5060254,243.72,10,TX
36,77586,48201,Silver,Harris,80408BQ5060254,243.72,10,TX
37,79168,48375,Silver,Potter,87107DV4342614,243.68,2,TX
38,86313,4025,Silver,Yavapai,47626MM2378813,292.9,2,AZ
